{"intrinsic": [[752.9943290200903, 0.0, 646.5643099501959], [0.0, 752.2649824172303, 367.8624536756887], [0.0, 0.0, 1.0]], "distortion": [[0.08113483446155362, -0.18001791915488935, -0.0010551371300016646, 0.000505608078661792, 0.06519109920349656]]}