{"intrinsic": [[607.9682006835938, 0.0, 640.6007080078125], [0.0, 607.993408203125, 364.4569396972656], [0.0, 0.0, 1.0]], "distortion": [0.38864666223526, -2.6397652626037598, 0.0006617421749979258, 6.787533493479714e-05, 1.5865002870559692, 0.2676612436771393, -2.4535586833953857, 1.5056612491607666]}