{"CalibrationInformation":{"Cameras":[{"Intrinsics":{"ModelParameterCount":14,"ModelParameters":[0.50628054141998291,0.4995276927947998,0.49238717555999756,0.49258348345756531,7.2647242546081543,4.0311794281005859,0.17134854197502136,7.5925416946411133,6.4499773979187012,0.99918681383132935,0,0,2.5028748495969921E-5,0.00015704090765211731],"ModelType":"CALIBRATION_LensDistortionModelBrownConrady"},"Location":"CALIBRATION_CameraLocationD0","Purpose":"CALIBRATION_CameraPurposeDepth","MetricRadius":1.7399997711181641,"Rt":{"Rotation":[1,0,0,0,1,0,0,0,1],"Translation":[0,0,0]},"SensorHeight":1024,"SensorWidth":1024,"Shutter":"CALIBRATION_ShutterTypeUndefined","ThermalAdjustmentParams":{"Params":[0,0,0,0,0,0,0,0,0,0,0,0]}},{"Intrinsics":{"ModelParameterCount":14,"ModelParameters":[0.50085991621017456,0.50516349077224731,0.47497516870498657,0.63332647085189819,0.38864666223526,-2.6397652626037598,1.5865002870559692,0.26766124367713928,-2.4535586833953857,1.5056612491607666,0,0,6.7875334934797138E-5,0.00066174217499792576],"ModelType":"CALIBRATION_LensDistortionModelBrownConrady"},"Location":"CALIBRATION_CameraLocationPV0","Purpose":"CALIBRATION_CameraPurposePhotoVideo","MetricRadius":0,"Rt":{"Rotation":[0.99998241662979126,0.00579034024849534,-0.0013013238785788417,-0.0056610014289617538,0.99646991491317749,0.083759300410747528,0.0017817249754443765,-0.083750456571578979,0.99648517370224],"Translation":[-0.032130826264619827,-0.0021532783284783363,0.0039099119603633881]},"SensorHeight":3072,"SensorWidth":4096,"Shutter":"CALIBRATION_ShutterTypeUndefined","ThermalAdjustmentParams":{"Params":[0,0,0,0,0,0,0,0,0,0,0,0]}}],"InertialSensors":[{"BiasTemperatureModel":[-0.010629991069436073,0,0,0,0.02653021365404129,0,0,0,0.0092411832883954048,0,0,0],"BiasUncertainty":[9.9999997473787516E-5,9.9999997473787516E-5,9.9999997473787516E-5],"Id":"CALIBRATION_InertialSensorId_LSM6DSM","MixingMatrixTemperatureModel":[0.99372351169586182,0,0,0,0.00032148981699720025,0,0,0,0.0036533009260892868,0,0,0,0.00031679117819294333,0,0,0,1.0084846019744873,0,0,0,-0.005916704423725605,0,0,0,0.0036637142766267061,0,0,0,-0.006021576002240181,0,0,0,0.99093425273895264,0,0,0],"ModelTypeMask":16,"Noise":[0.00095000001601874828,0.00095000001601874828,0.00095000001601874828,0,0,0],"Rt":{"Rotation":[-0.00041404133662581444,0.10618191212415695,-0.99434661865234375,-0.99997234344482422,-0.0074248574674129486,-0.00037648406578227878,-0.0074228579178452492,0.99431902170181274,0.10618205368518829],"Translation":[0,0,0]},"SecondOrderScaling":[0,0,0,0,0,0,0,0,0],"SensorType":"CALIBRATION_InertialSensorType_Gyro","TemperatureBounds":[5,60],"TemperatureC":0},{"BiasTemperatureModel":[0.0035633966326713562,0,0,0,-0.060753453522920609,0,0,0,-0.11539123952388763,0,0,0],"BiasUncertainty":[0.0099999997764825821,0.0099999997764825821,0.0099999997764825821],"Id":"CALIBRATION_InertialSensorId_LSM6DSM","MixingMatrixTemperatureModel":[0.99453115463256836,0,0,0,-0.0011039602104574442,0,0,0,-0.00427369587123394,0,0,0,-0.001098478096537292,0,0,0,0.99947619438171387,0,0,0,0.00026853205054067075,0,0,0,-0.0042682006023824215,0,0,0,0.00026952516054734588,0,0,0,0.99581050872802734,0,0,0],"ModelTypeMask":56,"Noise":[0.010700000450015068,0.010700000450015068,0.010700000450015068,0,0,0],"Rt":{"Rotation":[-0.0056443503126502037,0.10129858553409576,-0.99484008550643921,-0.99997431039810181,-0.0049638203345239162,0.0051680440083146095,-0.0044146920554339886,0.99484366178512573,0.10132400691509247],"Translation":[-0.050817180424928665,0.0039875442162156105,0.0010685172164812684]},"SecondOrderScaling":[0,0,0,0,0,0,0,0,0],"SensorType":"CALIBRATION_InertialSensorType_Accelerometer","TemperatureBounds":[5,60],"TemperatureC":0}],"Metadata":{"SerialId":"000985614712","FactoryCalDate":"11/20/2021 11:24:27 PM GMT","Version":{"Major":1,"Minor":2},"DeviceName":"AzureKinect-PV","Notes":"PV0_max_radius_invalid"}}}