{"intrinsic": [[620.9281546785119, 0.0, 640.6935820414664], [0.0, 620.6388656464442, 364.9412703444973], [0.0, 0.0, 1.0]], "distortion": [[0.0690290605511405, 0.121101491375831, 0.0017814040819265939, 0.0013031217650380895, -0.39760231591556733]]}